
        {
            "course": "Contoh Kursus SCORM",
            "questions": [
              {
                "question": "Apa ibu kota Indonesia?",
                "options": [
                  "Jakarta",
                  "Bandung",
                  "Surabaya",
                  "Medan"
                ],
                "correct_option": "Jakarta"
              },
              {
                "question": "Berapakah hasil dari 4 + 5?",
                "options": [
                  "6",
                  "7",
                  "8",
                  "9"
                ],
                "correct_option": "9"
              },
              {
                "question": "Siapakah penemu bola lampu?",
                "options": [
                  "Thomas Edison",
                  "Nikola Tesla",
                  "Albert Einstein",
                  "Isaac Newton"
                ],
                "correct_option": "Thomas Edison"
              }
            ]
          }
          
        