
            <?xml version="1.0" encoding="UTF-8"?>
            <manifest xmlns="http://www.imsglobal.org/xsd/imscp_v1p1"
                xmlns:adlcp="http://www.adlnet.org/xsd/adlcp_v1p3"
                xmlns:xsi="http://www.w3.org/2001/XMLSchema-instance"
                xsi:schemaLocation="http://www.imsglobal.org/xsd/imscp_v1p1 http://www.imsglobal.org/xsd/imsccv1p1/imsmanifest.xml">
                <metadata>
                    <schema>ADL SCORM</schema>
                    <schemaversion>1.3</schemaversion>
                    <adlcp:location>data.json</adlcp:location>
                </metadata>
                <organizations>
                    <organization identifier="ORG1">
                        <title>Judul Kursus Anda</title>
                        <item identifier="ITEM1" identifierref="RESOURCE" isvisible="true">
                            <title>Item 1</title>
                        </item>
                    </organization>
                </organizations>
                <resources>
                    <resource identifier="RESOURCE" type="webcontent" adlcp:scormtype="sco" href="data.json">
                        <file href="data.json" />
        
                        <file href="images/635b3513836a0.png" />
            
                        <file href="images/09fb4d2c-e9d4-4949-b26d-969983c4bd54_169.jpeg?w=650" />
            
                    </resource>
                </resources>
            </manifest>
        